"","lat","long","datetime","TSK","PSFC","U10","V10","Q2","RAINC","RAINNC","SNOW","TSLB","SMOIS","wind_speed"
"18353","51.529","0.022",2018-05-01 00:00:00,280,100442,2.5,-0.8,0.00498,0,0,0,280.2,0.3711,2.62488094968134
"18354","51.529","0.022",2018-05-01 03:00:00,280,100502,3.3,-0.1,0.00498,0,0,0,279.7,0.3684,3.30151480384384
"18355","51.529","0.022",2018-05-01 06:00:00,280,100598,2.8,0.8,0.00498,0,0,0,279.2,0.3663,2.91204395571221
"18356","51.529","0.022",2018-05-01 09:00:00,288.6,100634,3.1,1.3,0.00498,0,0,0,285,0.3645,3.36154726279432
"18357","51.529","0.022",2018-05-01 12:00:00,295.2,100579,3.4,3,0.00498,0,0,0,290.3,0.363,4.53431361950185
"18358","51.529","0.022",2018-05-01 15:00:00,293.7,100484,3.8,5.9,0.00498,0,0,0,290.3,0.361721056273088,7.0178344238091
"18359","51.529","0.022",2018-05-01 18:00:00,286.9,100515,3.3,6.1,0.00498,0,0,0,288.7,0.3606,6.93541635375988
"18360","51.529","0.022",2018-05-01 21:00:00,283.7,100445,0.5,4.9,0.00502,0,0,0,285.25,0.3596,4.9254441424099
"18361","51.529","0.022",2018-05-02 00:00:00,281.6,100343,0.5,5.6,0.00536,0,0,0,281.8,0.3583,5.62227711874824
"18362","51.529","0.022",2018-05-02 03:00:00,281.9,100230,0.6,6.1,0.00551,0,0,0,282,0.3575,6.12943716828878
"18363","51.529","0.022",2018-05-02 06:00:00,282.5,100230,0.7,7,0.00566,0,0,0,282.3,0.3567,7.03491293478462
"18364","51.529","0.022",2018-05-02 09:00:00,282.9,100230,0.8,6.5,0.00607,0,0.5,0,282.8,0.3568,6.54904573201318
"18365","51.529","0.022",2018-05-02 12:00:00,283.4,100230,1.7,4.9,0.00674,0,0.5,0,283.1,0.3576,5.18652099195598
"18366","51.529","0.022",2018-05-02 15:00:00,290.7,100230,2.9,0.8,0.00692,0,0.5,0,285.2,0.3569,3.00832179129826
"18367","51.529","0.022",2018-05-02 18:00:00,287.9,100409,4.1,-3.3,0.00498,0.1,0.5,0,287.6,0.3632,5.26307894677631
"18368","51.529","0.022",2018-05-02 21:00:00,283.2,100759,2.5,-0.8,0.00498,0.1,0.5,0,284.5,0.3594,2.62488094968134
"18369","51.529","0.022",2018-05-03 00:00:00,280.3,101013,2.3,0,0.00506,0,0,0,281.967029444734,0.3603,2.3
"18370","51.529","0.022",2018-05-03 03:00:00,280,101222,1.6,0.2,0.00498,0,0,0,280.2,0.359,1.61245154965971
"18371","51.529","0.022",2018-05-03 06:00:00,280.9,101335,1.3,0.1,0.00498,0,0,0,280.2,0.3579,1.30384048104053
"18372","51.529","0.022",2018-05-03 09:00:00,291.2,101474,0.7,0.4,0.00498,0,0,0,286.4,0.357,0.806225774829855
"18373","51.529","0.022",2018-05-03 12:00:00,296.8,101546,2,0.6,0.00498,0,0,0,290.3,0.3562,2.08806130178211
"18374","51.529","0.022",2018-05-03 15:00:00,296.8,101467,2.2,0.4,0.00498,0,0,0,290.3,0.3555,2.23606797749979
"18375","51.529","0.022",2018-05-03 18:00:00,292.9,101507,2.5,0.1,0.00498,0,0,0,290.3,0.3548,2.50199920063936
"18376","51.529","0.022",2018-05-03 21:00:00,287.2,101608,1.5,1,0.00522,0,0,0,288.6,0.3542,1.80277563773199
"18377","51.529","0.022",2018-05-04 00:00:00,282.8,101752,1.8,1,0.00667,0,0,0,283.8,0.3531,2.0591260281974
"18378","51.529","0.022",2018-05-04 03:00:00,281.3,101836,1.1,0.6,0.00609,0,0,0,282.3,0.3526,1.25299640861417
"18379","51.529","0.022",2018-05-04 06:00:00,283.1,101865,0.7,0.3,0.00562,0,0,0,282.2,0.3521,0.761577310586391
"18380","51.529","0.022",2018-05-04 09:00:00,289.7,101937,0.8,0.8,0.00563,0,0,0,287.1,0.3517,1.13137084989848
"18381","51.529","0.022",2018-05-04 12:00:00,296.8,101931,1.4,-0.2,0.0056,0,0,0,290.3,0.3513,1.41421356237309
"18382","51.529","0.022",2018-05-04 15:00:00,296.8,101868,-0.1,-0.7,0.00565,0,0,0,290.3,0.3509,0.707106781186547
"18383","51.529","0.022",2018-05-04 18:00:00,295.6,101925.418184753,-2.2,0.4,0.00649,0,0,0,290.3,0.3505,2.23606797749979
"18384","51.529","0.022",2018-05-04 21:00:00,289.2,102020,-1.3,2.7,0.00763,0,0,0,290.3,0.3501,2.99666481275434
"18385","51.529","0.022",2018-05-05 00:00:00,283.8,102153,-1,1,0.00731821928218626,0,0,0,284.9,0.3497,1.4142135623731
"18386","51.529","0.022",2018-05-05 03:00:00,282.2,102182,-1.2,0.6,0.00685,0,0,0,283.3,0.3493,1.34164078649987
"18387","51.529","0.022",2018-05-05 06:00:00,283.7,102178,-0.9,-0.5,0.00621,0,0,0,282.9,0.3489,1.0295630140987
"18388","51.529","0.022",2018-05-05 09:00:00,294.3,102169,-1.6,-0.7,0.0056,0,0,0,289.3,0.3486,1.7464249196573
"18389","51.529","0.022",2018-05-05 12:00:00,296.8,102091,-2.7,-0.7,0.00552,0,0,0,290.3,0.3483,2.78926513619627
"18390","51.529","0.022",2018-05-05 15:00:00,296.8,102002,-3.6,-0.5,0.00532,0,0,0,290.3,0.348,3.63455636907725
"18391","51.529","0.022",2018-05-05 18:00:00,295.4,101990,-3.7,-0.5,0.00514,0,0,0,290.3,0.3477,3.73363094051889
"18392","51.529","0.022",2018-05-05 21:00:00,288.9,102020,-2.3,-0.7,0.00516,0,0,0,290.3,0.3474,2.40416305603426
"18393","51.529","0.022",2018-05-06 00:00:00,284,102051,-1,-0.9,0.00598,0,0,0,285.4,0.347,1.34536240470737
"18394","51.529","0.022",2018-05-06 03:00:00,282.3,102025,-0.6,-1.5,0.00541,0,0,0,283.6,0.3468,1.61554944214035
"18395","51.529","0.022",2018-05-06 06:00:00,284.3,101950,-1,-1.1,0.00541,0,0,0,283.4,0.3466,1.48660687473185
"18396","51.529","0.022",2018-05-06 09:00:00,295.2,101900,-1.6,-1.2,0.00658,0,0,0,290,0.34635,2
"18397","51.529","0.022",2018-05-06 12:00:00,296.8,101794,-2.5,0.2,0.00668,0,0,0,290.3,0.3461,2.50798724079689
"18398","51.529","0.022",2018-05-06 15:00:00,296.8,101632,-2.7,1.2,0.0062,0,0,0,290.3,0.3459,2.95465734053883
"18399","51.529","0.022",2018-05-06 18:00:00,296.8,101576,-3.5,0.8,0.00666,0,0,0,290.3,0.3457,3.59026461420325
"18400","51.529","0.022",2018-05-06 21:00:00,291.2,101582,-2,0.1,0.00629,0,0,0,290.3,0.3455,2.00249843945008
"18401","51.529","0.022",2018-05-07 00:00:00,285.9,101604,-0.8,-0.1,0.00664,0,0,0,287.2,0.3444,0.806225774829855
"18402","51.529","0.022",2018-05-07 03:00:00,284.1,101575,-1.2,-0.6,0.00667,0,0,0,285.3,0.3442,1.34164078649987
"18403","51.529","0.022",2018-05-07 06:00:00,285.8,101509,-0.6,-0.8,0.00626,0,0,0,285,0.344,1
"18404","51.529","0.022",2018-05-07 09:00:00,296.8,101461,-1,-1.1,0.00585,0,0,0,290.3,0.3439,1.48660687473185
"18405","51.529","0.022",2018-05-07 12:00:00,296.8,101348,-1.7,-0.5,0.00732,0,0,0,290.3,0.3437,1.77200451466693
"18406","51.529","0.022",2018-05-07 15:00:00,296.8,101163,-3.4,1.2,0.00661,0,0,0,290.3,0.3435,3.60555127546399
"18407","51.529","0.022",2018-05-07 18:00:00,296.8,101077,-3.5,0.8,0.0062,0,0,0,290.3,0.3434,3.59026461420325
"18408","51.529","0.022",2018-05-07 21:00:00,292.7,101030,-2.3,0.5,0.00699,0,0,0,290.3,0.3432,2.35372045918796
"18409","51.529","0.022",2018-05-08 00:00:00,286.9,100976,-0.8,0.9,0.00766,0,0,0,288.3,0.3421,1.20415945787923
"18410","51.529","0.022",2018-05-08 03:00:00,285,100834,-0.3,1.3,0.00706,0,0,0,286.3,0.342,1.33416640641263
"18411","51.529","0.022",2018-05-08 06:00:00,287.1,100694,0.2,0.9,0.007,0,0,0,286.1,0.3419,0.921954445729289
"18412","51.529","0.022",2018-05-08 09:00:00,296.8,100615,0.9,0.7,0.00756,0,0,0,290.3,0.3418,1.14017542509914
"18413","51.529","0.022",2018-05-08 12:00:00,296.8,100472,2.1,1.7,0.00688,0,0,0,290.3,0.3416,2.70185121722126
"18414","51.529","0.022",2018-05-08 15:00:00,296.8,100398.436535711,2.5,2.7,0.00801,0,0,0,290.3,0.3415,3.67967389859482
"18415","51.529","0.022",2018-05-08 18:00:00,296.8,100356,4.7,-1.3,0.00781,0.1,0,0,290.3,0.351,4.87647413609464
"18416","51.529","0.022",2018-05-08 21:00:00,291.9,100477,4.2,-2.2,0.00881,0.1,0,0,290.3,0.3476,4.74130783645188
"18417","51.529","0.022",2018-05-09 00:00:00,286.8,100647,2.7,-1.5,0.00741,0,0,0,288.3,0.3433,3.0886890422961
"18418","51.529","0.022",2018-05-09 03:00:00,284.8,100642.450278992,1.6,-0.6,0.00667,0,0,0,286.3,0.3428,1.70880074906351
"18419","51.529","0.022",2018-05-09 06:00:00,286.4,100636,1.8,-0.5,0.00633,0,0,0,285.9,0.3424,1.86815416922694
"18420","51.529","0.022",2018-05-09 09:00:00,295.6,100562,1.8,0.3,0.00622,0,0,0,290.3,0.3421,1.82482875908947
"18421","51.529","0.022",2018-05-09 12:00:00,296.8,100472,2.6,1.5,0.00498,0,0,0,290.3,0.3419,3.00166620396073
"18422","51.529","0.022",2018-05-09 15:00:00,296.5,100398.229744514,3.7,1.9,0.00503056334234813,0,0,0,290.3,0.3417,4.15932686861708
"18423","51.529","0.022",2018-05-09 18:00:00,293.5,100348,2.8,1.5,0.00543,0,0,0,290.3,0.3415,3.17647603485372
"18424","51.529","0.022",2018-05-09 21:00:00,289,100382,3.6,0.4,0.00618,0,0,0,290.3,0.3413,3.62215405525497
"18425","51.529","0.022",2018-05-10 00:00:00,285.4,100424,3.2,1.4,0.00657,0,0,0,287,0.34095,3.4928498393146
"18426","51.529","0.022",2018-05-10 03:00:00,283.8,100543,2.7,0.9,0.00672,0,0.05,0,285.2,0.3406,2.84604989415154
"18427","51.529","0.022",2018-05-10 06:00:00,285.1,100778,4.1,-3,0.00511,0,0.1,0,284.9,0.3405,5.08035431835221
"18428","51.529","0.022",2018-05-10 09:00:00,292.8,100991,4.1,-2,0.00498,0,0.1,0,289.5,0.340366488816321,4.56179789118282
"18429","51.529","0.022",2018-05-10 12:00:00,296.8,101169,4.6,-1.9,0.00498,0,0.1,0,290.3,0.3402,4.97694685525172
"18430","51.529","0.022",2018-05-10 15:00:00,296.8,101306,3.3,-1.7,0.00498,0,0.1,0,290.3,0.34,3.71214223865412
"18431","51.529","0.022",2018-05-10 18:00:00,292.4,101358,2.3,-0.3,0.00498,0,0.1,0,290.3,0.3399,2.31948270094864
"18432","51.529","0.022",2018-05-10 21:00:00,287.9,101442,1.2,1,0.00498,0,0.1,0,289.4,0.3398,1.56204993518133
"18433","51.529","0.022",2018-05-11 00:00:00,284.5,101413,0.7,0.9,0.00594,0,0,0,285.8,0.3401,1.14017542509914
"18434","51.529","0.022",2018-05-11 03:00:00,283,101384,-0.3,1.8,0.0059,0,0,0,284.3,0.3399,1.82482875908947
"18435","51.529","0.022",2018-05-11 06:00:00,284.4,101387,-1.258191328829,3,0.00618,0,0,0,284.1,0.3397,3.25315929827306
"18436","51.529","0.022",2018-05-11 09:00:00,292.9,101273,-2.1,4.5,0.00498,0,0,0,289,0.3395,4.96588360717405
"18437","51.529","0.022",2018-05-11 12:00:00,296.8,101161,-2,5,0.00498,0,0,0,290.3,0.3394,5.3851648071345
"18438","51.529","0.022",2018-05-11 15:00:00,294,100975,-1.9,5.4,0.00554,0,0,0,290.3,0.3392,5.72450871254468
"18439","51.529","0.022",2018-05-11 18:00:00,292.1,100845,-2.4,5.1,0.00645,0,0,0,290.3,0.3391,5.63648826841678
"18440","51.529","0.022",2018-05-11 21:00:00,288.4,100825,-1.6,3.1,0.00626,0,0,0,289.5,0.339,3.48855270850248
"18441","51.529","0.022",2018-05-12 00:00:00,285.3,100846,0.1,2.7,0.00728,0,0,0,286.3,0.3384,2.70185121722126
"18442","51.529","0.022",2018-05-12 03:00:00,283.8,100865,1,1.1,0.0073,0,0,0,284.9,0.3383,1.48660687473185
"18443","51.529","0.022",2018-05-12 06:00:00,285.5,100883,1.5,0.8,0.00705,0,0,0,284.8,0.3382,1.7
"18444","51.529","0.022",2018-05-12 09:00:00,294.3,100894,1.2,0.7,0.0068,0,0,0,290.1,0.3381,1.38924439894498
"18445","51.529","0.022",2018-05-12 12:00:00,292.2,100893,1.3,1,0.0066,0,0,0,290.3,0.338,1.64012194668567
"18446","51.529","0.022",2018-05-12 15:00:00,288.4,100828,1.5,-0.1,0.00689,0,0.1,0,289.1,0.3381,1.50332963783729
"18447","51.529","0.022",2018-05-12 18:00:00,286.734156563308,100799,1.1,-1,0.00706,0,0.5,0,287.2,0.3387,1.48660687473185
"18448","51.529","0.022",2018-05-12 21:00:00,285.5,100814,0.8,-0.6,0.00703,0,0.5,0,286.1,0.3392,1
"18449","51.529","0.022",2018-05-13 00:00:00,284.5,100829,2.5,0,0.00637,0,0.5,0,285.3,0.3543,2.5
"18450","51.529","0.022",2018-05-13 03:00:00,282.6,100840,2.3,0.6,0.00627,0,0.5,0,283.9,0.3521,2.37697286480094
"18451","51.529","0.022",2018-05-13 06:00:00,284.5,100875,1.9,0.1,0.00571,0,0.5,0,283.7,0.3506,1.90262975904404
"18452","51.529","0.022",2018-05-13 09:00:00,293.6,100949,2.6,-0.1,0.00498,0,0.5,0,289.4,0.349573622725078,2.60192236625154
"18453","51.529","0.022",2018-05-13 12:00:00,296.8,101006,2.6,-0.7,0.00498,0,0.5,0,290.3,0.3487,2.69258240356725
"18454","51.529","0.022",2018-05-13 15:00:00,296.7,101037,2.1,-3.1,0.00534,0,0.5,0,290.3,0.3479,3.74432904536981
"18455","51.529","0.022",2018-05-13 18:00:00,294.4,101108,2.1,-3.2,0.00502,0,0.5,0,290.3,0.3473,3.82753184180093
"18456","51.529","0.022",2018-05-13 21:00:00,288.9,101237,1.9,-2.5,0.00528,0,0.4,0,290.3,0.3467,3.14006369362152
"18457","51.529","0.022",2018-05-14 00:00:00,284.4,101425,1.8,-2.6,0.0064,0,0,0,285.4,0.3523,3.16227766016838
"18458","51.529","0.022",2018-05-14 03:00:00,283.2,101476.83879176,0.5,-3.7,0.00498,0,0,0,284.730983773715,0.3515,3.73363094051889
"18459","51.529","0.022",2018-05-14 06:00:00,284.9,101516,1,-4.5,0.00498,0,0,0,284.2,0.3507,4.60977222864644
"18460","51.529","0.022",2018-05-14 09:00:00,293.5,101548,1.4,-5.2,0.00498,0,0,0,289.5,0.35,5.3851648071345
"18461","51.529","0.022",2018-05-14 12:00:00,296.8,101552,0.5,-6.1,0.00542,0,0,0,290.3,0.3494,6.12045749923974
"18462","51.529","0.022",2018-05-14 15:00:00,296.8,101509,-1.2,-6.4,0.00498,0,0,0,290.3,0.3488,6.51152823843988
"18463","51.529","0.022",2018-05-14 18:00:00,294.2,101568,-0.6,-6,0.00498,0,0,0,290.3,0.3483,6.02992537267253
"18464","51.529","0.022",2018-05-14 21:00:00,288.4,101604,-0.6,-4.6,0.00498,0,0,0,290.1,0.3478,4.63896540189728
"18465","51.529","0.022",2018-05-15 00:00:00,284.8,101663,0.4,-3.1,0.00524,0,0,0,286,0.3467,3.12569992161756
"18466","51.529","0.022",2018-05-15 03:00:00,283.6,101637,0.5,-3.7,0.00608,0,0,0,285.239788202582,0.3463,3.73363094051889
"18467","51.529","0.022",2018-05-15 06:00:00,285.3,101592,0.9,-3.5,0.00572,0,0,0,284.6,0.3459,3.61386219991853
"18468","51.529","0.022",2018-05-15 09:00:00,294.7,101584,0.7,-3.9,0.00701,0,0,0,290.3,0.3455,3.96232255123179
"18469","51.529","0.022",2018-05-15 12:00:00,296.8,101536,0,-4.4,0.00771,0,0,0,290.3,0.3452,4.4
"18470","51.529","0.022",2018-05-15 15:00:00,296.8,101446,-1,-4.6,0.00785,0,0,0,290.3,0.3449,4.70744091837593
"18471","51.529","0.022",2018-05-15 18:00:00,296.8,101452,-0.9,-4.6,0.00779,0,0,0,290.3,0.3446,4.68721665810319
"18472","51.529","0.022",2018-05-15 21:00:00,290.3,101551,-0.9,-3.9,0.00756,0,0,0,290.3,0.3443,4.0024992192379
"18473","51.529","0.022",2018-05-16 00:00:00,285.6,101680,-1.1,-2.9,0.00629,0,0,0,286.9,0.3435,3.10161248385416
"18474","51.529","0.022",2018-05-16 03:00:00,284.5,101733,0.3,-3.4,0.0058,0,0,0,285.5,0.3432,3.4132096331752
"18475","51.529","0.022",2018-05-16 06:00:00,284.4,101782,-0.6,-3.9,0.00515,0,0,0,284.9,0.343,3.94588393138977
"18476","51.529","0.022",2018-05-16 09:00:00,286.5,101887,-0.7,-4.4,0.00638,0,0,0,286,0.3427,4.45533388198909
"18477","51.529","0.022",2018-05-16 12:00:00,288.7,102032,-1,-5.6,0.007,0,0,0,287.7,0.3425,5.68858506133116
"18478","51.529","0.022",2018-05-16 15:00:00,288.3,102096,-1.5,-6.1,0.00662,0,0,0,288.1,0.3423,6.28171950981576
"18479","51.529","0.022",2018-05-16 18:00:00,286.2,102163,-1.3,-5.2,0.00657,0,0,0,286.9,0.3421,5.36003731330296
"18480","51.529","0.022",2018-05-16 21:00:00,284.2,102216,-1.7,-4.9,0.00601,0,0.1,0,285.3,0.342,5.18652099195598
"18481","51.529","0.022",2018-05-17 00:00:00,282.237285461852,102320,-0.9,-4.1,0.00525,0,0,0,283.2,0.3411,4.19761837236307
"18482","51.529","0.022",2018-05-17 03:00:00,280.4,102314,-0.9,-3.7,0.00504,0,0,0,281.9,0.341,3.80788655293195
"18483","51.529","0.022",2018-05-17 06:00:00,282.6,102313,-1.2,-3.6,0.00498,0,0,0,282,0.3408,3.79473319220206
"18484","51.529","0.022",2018-05-17 09:00:00,291.5,102312,-2.1,-3.5,0.00498,0,0,0,287.7,0.3407,4.08166632639171
"18485","51.529","0.022",2018-05-17 12:00:00,296.8,102232,-2.2,-3.5,0.00498,0,0,0,290.3,0.3405,4.13400532171888
"18486","51.529","0.022",2018-05-17 15:00:00,296.8,102140,-2.33387797329551,-3.9,0.00498,0,0,0,290.3,0.3403,4.54499575293905
"18487","51.529","0.022",2018-05-17 18:00:00,291.2,102172,-2.5,-4.4,0.00498,0,0,0,290.3,0.3402,5.060632371552
"18488","51.529","0.022",2018-05-17 21:00:00,285.8,102224,-2.7,-4,0.005,0,0,0,287.8,0.34,4.82597140480546
"18489","51.529","0.022",2018-05-18 00:00:00,281.8,102273,-1.3,-1.7,0.00504,0,0,0,283.5,0.3393,2.14009345590327
"18490","51.529","0.022",2018-05-18 03:00:00,280.3,102250,-0.7,-1.2,0.00498,0,0,0,281.9,0.3391,1.38924439894498
"18491","51.529","0.022",2018-05-18 06:00:00,282.8,102227,-0.1,-1.7,0.00506,0,0,0,282,0.339,1.70293863659264
"18492","51.529","0.022",2018-05-18 09:00:00,291.5,102232,-0.8,-2.4,0.00498,0,0,0,287.7,0.3389,2.5298221281347
"18493","51.529","0.022",2018-05-18 12:00:00,296.8,102117,-0.5,-1.8,0.00498,0,0,0,290.3,0.3388,1.86815416922694
"18494","51.529","0.022",2018-05-18 15:00:00,296.8,102006,-0.4,-2,0.00498,0,0,0,290.3,0.3386,2.03960780543711
"18495","51.529","0.022",2018-05-18 18:00:00,290.5,101981,-0.6,-2.9,0.00498,0,0,0,290.3,0.3385,2.96141857899217
"18496","51.529","0.022",2018-05-18 21:00:00,287,102025,-2.6,0.3,0.00575,0,0,0,287.868047610238,0.3384,2.61725046566048
"18497","51.529","0.022",2018-05-19 00:00:00,283.5,102033,-0.8,0.9,0.00625,0,0,0,284.8,0.3371,1.20415945787923
"18498","51.529","0.022",2018-05-19 03:00:00,282.2,102012,0.1,0.2,0.00605,0,0,0,283.4,0.337,0.223606797749979
"18499","51.529","0.022",2018-05-19 06:00:00,284.9,101999,-0.1,-0.8,0.00608,0,0,0,283.7,0.3369,0.806225774829855
"18500","51.529","0.022",2018-05-19 09:00:00,294.4,102035,-0.95,-1.5,0.00498,0,0,0,290,0.3369,1.77552809045647
"18501","51.529","0.022",2018-05-19 12:00:00,296.8,101976,-1.8,-1.1,0.00498,0,0,0,290.3,0.3368,2.1095023109729
"18502","51.529","0.022",2018-05-19 15:00:00,296.8,101847,-2.4,-0.8,0.00498,0,0,0,290.3,0.3367,2.5298221281347
"18503","51.529","0.022",2018-05-19 18:00:00,296.2,101812,-2.8,1,0.00498,0,0,0,290.3,0.3366,2.9732137494637
"18504","51.529","0.022",2018-05-19 21:00:00,290.25,101880,-2.3,1.7,0.0053,0,0,0,290.3,0.3365,2.86006992921502
"18505","51.529","0.022",2018-05-20 00:00:00,284.3,101970,-0.9,0.8,0.00564686719381328,0,0,0,285.7,0.3357,1.20415945787923
"18506","51.529","0.022",2018-05-20 03:00:00,282.8,101923,-0.9,0.8,0.00596,0,0,0,284.1,0.3357,1.20415945787923
"18507","51.529","0.022",2018-05-20 06:00:00,285.6,101913,-0.8,0.6,0.00611,0,0,0,284.4,0.3356,1
"18508","51.529","0.022",2018-05-20 09:00:00,295.1,101882.006103622,-2.2,0.7,0.00667,0,0,0,290.3,0.3356,2.30867927612304
"18509","51.529","0.022",2018-05-20 12:00:00,296.8,101833,-2.6,0.4,0.00659,0,0,0,290.3,0.3355,2.63058928759318
"18510","51.529","0.022",2018-05-20 15:00:00,296.8,101653,-3.4,-0.1,0.00623,0,0,0,290.3,0.3354,3.40147027033899
"18511","51.529","0.022",2018-05-20 18:00:00,295.7,101584,-4,-0.1,0.00599,0,0,0,290.3,0.3354,4.00124980474851
"18512","51.529","0.022",2018-05-20 21:00:00,288.7,101555,-3.4,-0.2,0.00593,0,0,0,290.3,0.3353,3.40587727318528
"18513","51.529","0.022",2018-05-21 00:00:00,284.3,101540,-1.7,-0.9,0.00635,0,0,0,285.7,0.3345,1.92353840616713
"18514","51.529","0.022",2018-05-21 03:00:00,283.1,101416,-1.2,-1.4,0.0064,0,0,0,284.3,0.3345,1.84390889145858
"18515","51.529","0.022",2018-05-21 06:00:00,286.2,101295,-1.5,-1.5,0.00683,0,0,0,287.020256687563,0.3344,2.12132034355964
"18516","51.529","0.022",2018-05-21 09:00:00,296.8,101210,-1.4,-1.5,0.00806,0,0,0,290.3,0.3344,2.05182845286832
"18517","51.529","0.022",2018-05-21 12:00:00,296.8,101067,-2,-2.1,0.0079,0.1,0,0,290.3,0.3428,2.9
"18518","51.529","0.022",2018-05-21 15:00:00,296.8,100947,-3,-1.5,0.00699,0.1,0,0,290.3,0.3581,3.35410196624968
"18519","51.529","0.022",2018-05-21 18:00:00,296.8,100911,-3.6,-1.2,0.0067,0.1,0,0,290.3,0.3531,3.79473319220206
"18520","51.529","0.022",2018-05-21 21:00:00,292.1,100937,-1.75,-1.6,0.00769,0.1,0,0,290.3,0.3481,2.37118114027588
"18521","51.529","0.022",2018-05-22 00:00:00,286.7,100996,0.1,-2.8,0.00764,0,0,0,288,0.3344,2.80178514522438
"18522","51.529","0.022",2018-05-22 03:00:00,284.6,101024,0.7,-3.1,0.00684,0,0,0,286,0.3342,3.17804971641414
"18523","51.529","0.022",2018-05-22 06:00:00,287.1,101027,-0.2,-3.5,0.007,0,0,0,286.2,0.334,3.50570962859162
"18524","51.529","0.022",2018-05-22 09:00:00,294.3,101094,-0.2,-4,0.0075,0,0,0,290.3,0.3339,4.00499687890016
"18525","51.529","0.022",2018-05-22 12:00:00,296.8,101127,0.1,-4.8,0.0084,0,0,0,290.3,0.3338,4.80104155366312
"18526","51.529","0.022",2018-05-22 15:00:00,296.8,101165,-0.9,-4.6,0.00803,0.1,0,0,290.3,0.3341,4.68721665810319
"18527","51.529","0.022",2018-05-22 18:00:00,296.8,101272,-1.8,-5.4,0.00798,0.1,0,0,290.3,0.3355,5.69209978830308
"18528","51.529","0.022",2018-05-22 21:00:00,289.5,101477,-1.5,-4.4,0.00778,0.1,0,0,290.3,0.335,4.64865571966778
"18529","51.529","0.022",2018-05-23 00:00:00,285.868149093112,101687,-0.5,-3.6,0.00661,0,0,0,285.9,0.3329,3.63455636907725
"18530","51.529","0.022",2018-05-23 03:00:00,283.8,101743,0,-3.3,0.00672,0,0,0,284.9,0.3328,3.3
"18531","51.529","0.022",2018-05-23 06:00:00,284.1,101786,0.2,-3.2,0.00658,0,0,0,284.6,0.3327,3.20624390837628
"18532","51.529","0.022",2018-05-23 09:00:00,292.2,101846,0.1,-3.7,0.00689,0,0,0,288.1,0.3327,3.70135110466435
"18533","51.529","0.022",2018-05-23 12:00:00,296.8,101787,-1.9,-4.7,0.00771,0,0,0,290.3,0.3326,5.06951674225463
"18534","51.529","0.022",2018-05-23 15:00:00,296.8,101646,-4.2,-4.8,0.00796876991876297,0.1,0,0,290.3,0.3404,6.37808748764079
"18535","51.529","0.022",2018-05-23 18:00:00,296.3,101658,-4.3,-3.8,0.00812,0.1,0,0,290.3,0.339535261200415,5.73846669416143
"18536","51.529","0.022",2018-05-23 21:00:00,289.9,101718,-2.8,-4.5,0.00778,0.1,0,0,290.3,0.3384,5.3
"18537","51.529","0.022",2018-05-24 00:00:00,284.9,101751,-1.8,-3.6,0.00675,0,0,0,286.3,0.3315,4.02492235949962
"18538","51.529","0.022",2018-05-24 03:00:00,284.1,101667,-1.6,-2.8,0.00692,0,0,0,285.1,0.3314,3.22490309931942
"18539","51.529","0.022",2018-05-24 06:00:00,285.6,101594,-1.5,-2.4,0.00729,0,0,0,285.5,0.3314,2.83019433961698
"18540","51.529","0.022",2018-05-24 09:00:00,292.7,101539,-1.8,-1.6,0.00846,0,0,0,289.1,0.3314,2.40831891575846
"18541","51.529","0.022",2018-05-24 12:00:00,296.8,101403,-3.6,-1.8,0.00839,0,0,0,290.3,0.3313,4.02492235949962
"18542","51.529","0.022",2018-05-24 15:00:00,296.8,101308,-4.9,-1.6,0.0079,0,0,0,290.3,0.3313,5.15460958754395
"18543","51.529","0.022",2018-05-24 18:00:00,296.8,101269,-3.9,-1.4,0.008315,0,0,0,290.3,0.3313,4.14366987102013
"18544","51.529","0.022",2018-05-24 21:00:00,291.9,101278,-2.7,-2.1,0.00873,0,0,0,290.3,0.3312,3.42052627529741
"18545","51.529","0.022",2018-05-25 00:00:00,287.2,101341,0,-2.9,0.00755,0,0,0,288.2,0.3336,2.9
"18546","51.529","0.022",2018-05-25 03:00:00,285.4,101311,0.2,-1.6,0.00732,0,0,0,286.5,0.3333,1.61245154965971
"18547","51.529","0.022",2018-05-25 06:00:00,287.538931805539,101300,0.6,-1,0.00761,0,0,0,286.5,0.3331,1.16619037896906
"18548","51.529","0.022",2018-05-25 09:00:00,291.3,101366,1,-0.9,0.008,0,0,0,288.8,0.333,1.34536240470737
"18549","51.529","0.022",2018-05-25 12:00:00,296.8,101364,1,-1.4,0.00841,0,0,0,290.3,0.3328,1.72046505340853
"18550","51.529","0.022",2018-05-25 15:00:00,296.8,101342.5,-0.1,-0.7,0.00806,0,0,0,290.3,0.3326,0.707106781186547
"18551","51.529","0.022",2018-05-25 18:00:00,296.4,101321,-1.8,0.7,0.00943,0.1,0,0,290.3,0.3431,1.9313207915828
"18552","51.529","0.022",2018-05-25 21:00:00,292.5,101416,-2.2,0.2,0.00976,0.1,0,0,290.3,0.3448,2.20907220343745
"18553","51.529","0.022",2018-05-26 00:00:00,288.8,101530,-1.4,-1.4,0.00954,0,0,0,289.5,0.3336,1.97989898732233
"18554","51.529","0.022",2018-05-26 03:00:00,287.7,101525,-1.5,-2.1,0.00919,0,0,0,288.3,0.3334,2.58069758011279
"18555","51.529","0.022",2018-05-26 06:00:00,287.2,101517,-1.1,-2.2,0.00831,0,0,0,287.6,0.3332,2.45967477524977
"18556","51.529","0.022",2018-05-26 09:00:00,293.6,101515,-2.2,-2.5,0.00927,0,0,0,290.1,0.333,3.33016516106934
"18557","51.529","0.022",2018-05-26 12:00:00,296.8,101438,-5.7,-1.6,0.00942,0,0,0,290.3,0.3328,5.92030404624627
"18558","51.529","0.022",2018-05-26 15:00:00,296.8,101310,-5.7,-1.8,0.00948,0,0,0,290.3,0.3327,5.97745765355138
"18559","51.529","0.022",2018-05-26 18:00:00,296.8,101287,-5.7,-2.5,0.00976,0,0,0,290.3,0.3326,6.22414652783817
"18560","51.529","0.022",2018-05-26 21:00:00,292.9,101327,-4.5,-2.6,0.00976,0,0,0,290.3,0.3325,5.19711458407451
"18561","51.529","0.022",2018-05-27 00:00:00,289.9,101321,-4,-1.9,0.0092,0,0,0,290.3,0.3328,4.42831796509691
"18562","51.529","0.022",2018-05-27 03:00:00,290.402943651269,101202,-3.6,-1.8,0.00935,0,0,0,288.9,0.3325,4.02492235949962
"18563","51.529","0.022",2018-05-27 06:00:00,291,101133,-3.4,-0.5,0.00969,0,0,0,289.4,0.3322,3.43656805548792
"18564","51.529","0.022",2018-05-27 09:00:00,296.8,101142,-2.8,0,0.00976,0,0,0,290.3,0.332,2.8
"18565","51.529","0.022",2018-05-27 12:00:00,296.8,101094,-2.5,1.3,0.00976,0,0,0,290.3,0.3318,2.81780056072107
"18566","51.529","0.022",2018-05-27 15:00:00,296.8,101043,-0.9,2.6,0.00976,0.1,0,0,290.3,0.389,2.75136329843952
"18567","51.529","0.022",2018-05-27 18:00:00,296.8,101049,1,3,0.00867,0.1,0,0,290.3,0.3746,3.16227766016838
"18568","51.529","0.022",2018-05-27 21:00:00,295.9,101156,2,1,0.00898,0.1,0,0,290.3,0.3636,2.23606797749979
"18569","51.529","0.022",2018-05-28 00:00:00,290.7,101246,1.4,0.5,0.00976,0,0,0,290.3,0.34,1.48660687473185
"18570","51.529","0.022",2018-05-28 03:00:00,289,101317,0.9,-0.1,0.00976,0,0,0,289.9,0.3389,0.905538513813742
"18571","51.529","0.022",2018-05-28 06:00:00,291,101366,0.6,-1.7,0.00976,0,0,0,290,0.3382,1.80277563773199
"18572","51.529","0.022",2018-05-28 09:00:00,296.8,101465,0.5,-2,0.00976,0,0,0,290.3,0.337597536898356,2.06155281280883
"18573","51.529","0.022",2018-05-28 12:00:00,296.8,101448,0.1,-2.3,0.00976,0,0,0,290.3,0.3371,2.30217288664427
"18574","51.529","0.022",2018-05-28 15:00:00,296.8,101344,-2.3,-2.6,0.00976,0.1,0,0,290.3,0.3427,3.47131099154196
"18575","51.529","0.022",2018-05-28 18:00:00,296.8,101342,-3.1,-2.7,0.00976,0.1,0,0,290.3,0.3756,4.11096095821889
"18576","51.529","0.022",2018-05-28 21:00:00,295.3,101377,-2.8,-2.6,0.00976,0.1,0,0,290.3,0.3693,3.82099463490856
"18577","51.529","0.022",2018-05-29 00:00:00,289.2,101436,-1.7,-3.3,0.00895,0,0,0,290.3,0.3362,3.71214223865412
"18578","51.529","0.022",2018-05-29 03:00:00,287.4,101345,-1.2,-3.6,0.00858,0,0,0,288.7,0.3357,3.79473319220206
"18579","51.529","0.022",2018-05-29 06:00:00,288.2,101278,-1.2,-3.8,0.00889623174097328,0,0,0,288.5,0.3354,3.98497176903425
"18580","51.529","0.022",2018-05-29 09:00:00,292.3,101217,-0.8,-3.3,0.00947,0,0,0,290.3,0.3351,3.39558536926993
"18581","51.529","0.022",2018-05-29 12:00:00,296.8,101096,-2.3,-4.2,0.00976,0,0,0,290.3,0.3348,4.78852795752515
"18582","51.529","0.022",2018-05-29 15:00:00,296.8,101002.801745063,-3.2,-5.1,0.00976,0,0,0,290.3,0.3345,6.02079728939615
"18583","51.529","0.022",2018-05-29 18:00:00,296.8,100921.52683004,-2.6,-5.7,0.00976,0,0,0,290.3,0.3343,6.26498204307083
"18584","51.529","0.022",2018-05-29 21:00:00,291.6,100884,-1.6,-4.8,0.00968,0,0.0330356158341601,0,290.3,0.3341,5.05964425626941
"18585","51.529","0.022",2018-05-30 00:00:00,288.6,100913,-1.1,-2.6,0.00866,0,0.10598888291196,0,289.5,0.3347,2.82311884269862
"18586","51.529","0.022",2018-05-30 03:00:00,288,100891,-0.4,-2.2,0.0086,0,0.2,0,288.7,0.3353,2.23606797749979
"18587","51.529","0.022",2018-05-30 06:00:00,288.2,100843,-0.5,-1.5,0.00863,0,0.4,0,288.5,0.335,1.58113883008419
"18588","51.529","0.022",2018-05-30 09:00:00,290,100914,-0.5,-0.8,0.00865,0,0.5,0,289.3,0.3347,0.94339811320566
"18589","51.529","0.022",2018-05-30 12:00:00,296.8,100943,0,-0.6,0.00891,0,0.5,0,290.3,0.3343,0.6
"18590","51.529","0.022",2018-05-30 15:00:00,296.8,100829,-0.6,1.3,0.00976,0,0.5,0,290.3,0.334,1.43178210632764
"18591","51.529","0.022",2018-05-30 18:00:00,296.8,100837,0.1,3.1,0.00976,0.1,0.5,0,290.3,0.3442,3.10161248385416
"18592","51.529","0.022",2018-05-30 21:00:00,293.7,100918,0.1,2.9,0.00976,0.1,0.5,0,290.3,0.3407,2.90172362570938
"18593","51.529","0.022",2018-05-31 00:00:00,288.7,101031,-0.8,1.1,0.00976,0,0.1,0,289.6,0.3368,1.36014705087354
"18594","51.529","0.022",2018-05-31 03:00:00,288,101063,-1.4,-0.1,0.00929,0,0.1,0,288.6,0.3362,1.40356688476182
"18595","51.529","0.022",2018-05-31 06:00:00,288.5,101054,-1.4,-0.6,0.00906,0,0.1,0,288.5,0.3357,1.52315462117278
"18596","51.529","0.022",2018-05-31 09:00:00,296.8,101091,-2.1,-0.8,0.00976,0,0.1,0,290.3,0.3353,2.24722050542442
"18597","51.529","0.022",2018-05-31 12:00:00,296.8,100997,-3.4,-0.3,0.00976,0,0.1,0,290.3,0.3349,3.4132096331752
"18598","51.529","0.022",2018-05-31 15:00:00,296.8,100930,-3.0933962501434,1.2,0.00976,0.1,0.1,0,290.3,0.3674,3.31799643767157
"18599","51.529","0.022",2018-05-31 18:00:00,296.8,100947,-2.6,2.3,0.00976,0.1,0.1,0,290.3,0.3778,3.47131099154196
"18600","51.529","0.022",2018-05-31 21:00:00,294.3,101077,-1.2,2,0.00976,0.1,0.1,0,290.3,0.3793,2.33238075793812
